title,dataset,tumor_type,description,file_name
Tr-gl_1,Brain Tumor MRI Dataset (Kaggle),glioma,Обучающая выборка,Tr-gl_1.jpg
Tr-gl_10,Brain Tumor MRI Dataset (Kaggle),glioma,Обучающая выборка,Tr-gl_10.jpg
Tr-gl_100,Brain Tumor MRI Dataset (Kaggle),glioma,Обучающая выборка,Tr-gl_100.jpg
Tr-gl_1000,Brain Tumor MRI Dataset (Kaggle),glioma,Обучающая выборка,Tr-gl_1000.jpg
Tr-gl_1001,Brain Tumor MRI Dataset (Kaggle),glioma,Обучающая выборка,Tr-gl_1001.jpg
Tr-aug-me_1,Brain Tumor MRI Dataset (Kaggle),meningioma,Обучающая выборка,Tr-aug-me_1.jpg
Tr-aug-me_10,Brain Tumor MRI Dataset (Kaggle),meningioma,Обучающая выборка,Tr-aug-me_10.jpg
Tr-aug-me_100,Brain Tumor MRI Dataset (Kaggle),meningioma,Обучающая выборка,Tr-aug-me_100.jpg
Tr-aug-me_11,Brain Tumor MRI Dataset (Kaggle),meningioma,Обучающая выборка,Tr-aug-me_11.jpg
Tr-aug-me_12,Brain Tumor MRI Dataset (Kaggle),meningioma,Обучающая выборка,Tr-aug-me_12.jpg
Tr-no_1,Brain Tumor MRI Dataset (Kaggle),no_tumor,Обучающая выборка,Tr-no_1.jpg
Tr-no_10,Brain Tumor MRI Dataset (Kaggle),no_tumor,Обучающая выборка,Tr-no_10.jpg
Tr-no_100,Brain Tumor MRI Dataset (Kaggle),no_tumor,Обучающая выборка,Tr-no_100.jpg
Tr-no_1000,Brain Tumor MRI Dataset (Kaggle),no_tumor,Обучающая выборка,Tr-no_1000.jpg
Tr-no_1001,Brain Tumor MRI Dataset (Kaggle),no_tumor,Обучающая выборка,Tr-no_1001.jpg
Tr-pi_1,Brain Tumor MRI Dataset (Kaggle),pituitary,Обучающая выборка,Tr-pi_1.jpg
Tr-pi_10,Brain Tumor MRI Dataset (Kaggle),pituitary,Обучающая выборка,Tr-pi_10.jpg
Tr-pi_100,Brain Tumor MRI Dataset (Kaggle),pituitary,Обучающая выборка,Tr-pi_100.jpg
Tr-pi_1000,Brain Tumor MRI Dataset (Kaggle),pituitary,Обучающая выборка,Tr-pi_1000.jpg
Tr-pi_1001,Brain Tumor MRI Dataset (Kaggle),pituitary,Обучающая выборка,Tr-pi_1001.jpg
Te-gl_1,Brain Tumor MRI Dataset (Kaggle),glioma,Тестовая выборка,Te-gl_1.jpg
Te-gl_10,Brain Tumor MRI Dataset (Kaggle),glioma,Тестовая выборка,Te-gl_10.jpg
Te-gl_100,Brain Tumor MRI Dataset (Kaggle),glioma,Тестовая выборка,Te-gl_100.jpg
Te-gl_101,Brain Tumor MRI Dataset (Kaggle),glioma,Тестовая выборка,Te-gl_101.jpg
Te-gl_102,Brain Tumor MRI Dataset (Kaggle),glioma,Тестовая выборка,Te-gl_102.jpg
Te-aug-me_1,Brain Tumor MRI Dataset (Kaggle),meningioma,Тестовая выборка,Te-aug-me_1.jpg
Te-aug-me_10,Brain Tumor MRI Dataset (Kaggle),meningioma,Тестовая выборка,Te-aug-me_10.jpg
Te-aug-me_100,Brain Tumor MRI Dataset (Kaggle),meningioma,Тестовая выборка,Te-aug-me_100.jpg
Te-aug-me_101,Brain Tumor MRI Dataset (Kaggle),meningioma,Тестовая выборка,Te-aug-me_101.jpg
Te-aug-me_102,Brain Tumor MRI Dataset (Kaggle),meningioma,Тестовая выборка,Te-aug-me_102.jpg
Te-no_1,Brain Tumor MRI Dataset (Kaggle),no_tumor,Тестовая выборка,Te-no_1.jpg
Te-no_10,Brain Tumor MRI Dataset (Kaggle),no_tumor,Тестовая выборка,Te-no_10.jpg
Te-no_100,Brain Tumor MRI Dataset (Kaggle),no_tumor,Тестовая выборка,Te-no_100.jpg
Te-no_101,Brain Tumor MRI Dataset (Kaggle),no_tumor,Тестовая выборка,Te-no_101.jpg
Te-no_102,Brain Tumor MRI Dataset (Kaggle),no_tumor,Тестовая выборка,Te-no_102.jpg
Te-pi_1,Brain Tumor MRI Dataset (Kaggle),pituitary,Тестовая выборка,Te-pi_1.jpg
Te-pi_10,Brain Tumor MRI Dataset (Kaggle),pituitary,Тестовая выборка,Te-pi_10.jpg
Te-pi_100,Brain Tumor MRI Dataset (Kaggle),pituitary,Тестовая выборка,Te-pi_100.jpg
Te-pi_101,Brain Tumor MRI Dataset (Kaggle),pituitary,Тестовая выборка,Te-pi_101.jpg
Te-pi_102,Brain Tumor MRI Dataset (Kaggle),pituitary,Тестовая выборка,Te-pi_102.jpg
